dataset,fold,case,label_1_hd95,label_1_esd_mm,label_1_density_hu
KidneyStones,fold_0,neg_010.nii.gz,0.0,0.0,
KidneyStones,fold_0,neg_011.nii.gz,0.0,0.0,
KidneyStones,fold_0,neg_016.nii.gz,0.0,0.0,
KidneyStones,fold_0,neg_018.nii.gz,0.0,0.0,
KidneyStones,fold_0,neg_020.nii.gz,0.0,0.0,
KidneyStones,fold_0,neg_030.nii.gz,0.0,0.0,
KidneyStones,fold_0,neg_033.nii.gz,0.0,0.0,
KidneyStones,fold_0,neg_035.nii.gz,0.0,0.0,
KidneyStones,fold_0,neg_040.nii.gz,0.0,0.0,
KidneyStones,fold_0,neg_047.nii.gz,0.0,0.0,
KidneyStones,fold_0,neg_050.nii.gz,0.0,0.0,
KidneyStones,fold_0,neg_052.nii.gz,0.0,0.0,
KidneyStones,fold_0,neg_053.nii.gz,0.0,0.0,
KidneyStones,fold_0,neg_054.nii.gz,0.0,0.0,
KidneyStones,fold_0,neg_055.nii.gz,0.0,0.0,
KidneyStones,fold_0,neg_057.nii.gz,0.0,0.0,
KidneyStones,fold_0,neg_067.nii.gz,0.0,0.0,
KidneyStones,fold_0,neg_071.nii.gz,0.0,0.0,
KidneyStones,fold_0,neg_073.nii.gz,0.0,0.0,
KidneyStones,fold_0,neg_085.nii.gz,0.0,0.0,
KidneyStones,fold_0,neg_087.nii.gz,0.0,0.0,
KidneyStones,fold_0,neg_097.nii.gz,0.0,0.0,
KidneyStones,fold_0,neg_099.nii.gz,0.0,0.0,
KidneyStones,fold_0,neg_100.nii.gz,0.0,0.0,
KidneyStones,fold_0,neg_101.nii.gz,0.0,0.0,
KidneyStones,fold_0,neg_112.nii.gz,0.0,0.0,
KidneyStones,fold_0,neg_113.nii.gz,0.0,0.0,
KidneyStones,fold_0,neg_120.nii.gz,0.0,0.0,
KidneyStones,fold_0,neg_127.nii.gz,0.0,0.0,
KidneyStones,fold_0,neg_128.nii.gz,0.0,0.0,
KidneyStones,fold_0,neg_130.nii.gz,0.0,0.0,
KidneyStones,fold_0,neg_132.nii.gz,0.0,0.0,
KidneyStones,fold_0,neg_134.nii.gz,0.0,0.0,
KidneyStones,fold_0,neg_144.nii.gz,0.0,0.0,
KidneyStones,fold_0,neg_145.nii.gz,0.0,0.0,
KidneyStones,fold_0,neg_147.nii.gz,0.0,0.0,
KidneyStones,fold_0,neg_161.nii.gz,0.0,0.0,
KidneyStones,fold_0,neg_162.nii.gz,0.0,0.0,
KidneyStones,fold_0,neg_163.nii.gz,0.0,0.0,
KidneyStones,fold_0,neg_167.nii.gz,0.0,0.0,
KidneyStones,fold_0,neg_183.nii.gz,0.0,0.0,
KidneyStones,fold_0,neg_184.nii.gz,0.0,0.0,
KidneyStones,fold_0,neg_211.nii.gz,0.0,0.0,
KidneyStones,fold_0,stones_000.nii.gz,,0.0,
KidneyStones,fold_0,stones_002.nii.gz,,0.0,
KidneyStones,fold_0,stones_006.nii.gz,,0.0,
KidneyStones,fold_0,stones_008.nii.gz,,0.0,
KidneyStones,fold_0,stones_010.nii.gz,,0.0,
KidneyStones,fold_0,stones_012.nii.gz,,0.0,
KidneyStones,fold_0,stones_014.nii.gz,,0.0,
KidneyStones,fold_0,stones_017.nii.gz,,0.0,
KidneyStones,fold_0,stones_018.nii.gz,,0.0,
KidneyStones,fold_0,stones_027.nii.gz,,0.0,
KidneyStones,fold_0,stones_029.nii.gz,,0.0,
KidneyStones,fold_0,stones_043.nii.gz,,0.0,
KidneyStones,fold_0,stones_050.nii.gz,,0.0,
KidneyStones,fold_0,stones_062.nii.gz,,0.0,
KidneyStones,fold_0,stones_067.nii.gz,,0.0,
KidneyStones,fold_1,neg_009.nii.gz,0.0,0.0,
KidneyStones,fold_1,neg_014.nii.gz,0.0,0.0,
KidneyStones,fold_1,neg_015.nii.gz,0.0,0.0,
KidneyStones,fold_1,neg_017.nii.gz,0.0,0.0,
KidneyStones,fold_1,neg_019.nii.gz,0.0,0.0,
KidneyStones,fold_1,neg_027.nii.gz,0.0,0.0,
KidneyStones,fold_1,neg_031.nii.gz,0.0,0.0,
KidneyStones,fold_1,neg_039.nii.gz,0.0,0.0,
KidneyStones,fold_1,neg_042.nii.gz,0.0,0.0,
KidneyStones,fold_1,neg_044.nii.gz,0.0,0.0,
KidneyStones,fold_1,neg_049.nii.gz,0.0,0.0,
KidneyStones,fold_1,neg_066.nii.gz,0.0,0.0,
KidneyStones,fold_1,neg_068.nii.gz,0.0,0.0,
KidneyStones,fold_1,neg_070.nii.gz,0.0,0.0,
KidneyStones,fold_1,neg_075.nii.gz,0.0,0.0,
KidneyStones,fold_1,neg_089.nii.gz,0.0,0.0,
KidneyStones,fold_1,neg_103.nii.gz,0.0,0.0,
KidneyStones,fold_1,neg_106.nii.gz,0.0,0.0,
KidneyStones,fold_1,neg_110.nii.gz,0.0,0.0,
KidneyStones,fold_1,neg_115.nii.gz,0.0,0.0,
KidneyStones,fold_1,neg_140.nii.gz,0.0,0.0,
KidneyStones,fold_1,neg_148.nii.gz,0.0,0.0,
KidneyStones,fold_1,neg_151.nii.gz,0.0,0.0,
KidneyStones,fold_1,neg_152.nii.gz,0.0,0.0,
KidneyStones,fold_1,neg_159.nii.gz,0.0,0.0,
KidneyStones,fold_1,neg_160.nii.gz,0.0,0.0,
KidneyStones,fold_1,neg_165.nii.gz,0.0,0.0,
KidneyStones,fold_1,neg_175.nii.gz,0.0,0.0,
KidneyStones,fold_1,neg_176.nii.gz,0.0,0.0,
KidneyStones,fold_1,neg_180.nii.gz,0.0,0.0,
KidneyStones,fold_1,neg_182.nii.gz,0.0,0.0,
KidneyStones,fold_1,neg_187.nii.gz,0.0,0.0,
KidneyStones,fold_1,neg_191.nii.gz,0.0,0.0,
KidneyStones,fold_1,neg_193.nii.gz,0.0,0.0,
KidneyStones,fold_1,neg_195.nii.gz,0.0,0.0,
KidneyStones,fold_1,neg_203.nii.gz,0.0,0.0,
KidneyStones,fold_1,neg_205.nii.gz,0.0,0.0,
KidneyStones,fold_1,neg_209.nii.gz,0.0,0.0,
KidneyStones,fold_1,neg_213.nii.gz,0.0,0.0,
KidneyStones,fold_1,stones_004.nii.gz,,0.0,
KidneyStones,fold_1,stones_007.nii.gz,,0.0,
KidneyStones,fold_1,stones_023.nii.gz,,0.0,
KidneyStones,fold_1,stones_024.nii.gz,,0.0,
KidneyStones,fold_1,stones_025.nii.gz,,0.0,
KidneyStones,fold_1,stones_028.nii.gz,,0.0,
KidneyStones,fold_1,stones_030.nii.gz,,0.0,
KidneyStones,fold_1,stones_031.nii.gz,,0.0,
KidneyStones,fold_1,stones_039.nii.gz,,0.0,
KidneyStones,fold_1,stones_041.nii.gz,,0.0,
KidneyStones,fold_1,stones_044.nii.gz,,0.0,
KidneyStones,fold_1,stones_049.nii.gz,,0.0,
KidneyStones,fold_1,stones_057.nii.gz,,0.0,
KidneyStones,fold_1,stones_060.nii.gz,,0.0,
KidneyStones,fold_1,stones_064.nii.gz,,0.0,
KidneyStones,fold_1,stones_065.nii.gz,,0.0,
KidneyStones,fold_1,stones_066.nii.gz,,0.0,
KidneyStones,fold_1,stones_073.nii.gz,,0.0,
KidneyStones,fold_1,stones_074.nii.gz,,0.0,
KidneyStones,fold_2,neg_001.nii.gz,0.0,0.0,
KidneyStones,fold_2,neg_002.nii.gz,0.0,0.0,
KidneyStones,fold_2,neg_004.nii.gz,0.0,0.0,
KidneyStones,fold_2,neg_013.nii.gz,0.0,0.0,
KidneyStones,fold_2,neg_024.nii.gz,0.0,0.0,
KidneyStones,fold_2,neg_025.nii.gz,0.0,0.0,
KidneyStones,fold_2,neg_026.nii.gz,0.0,0.0,
KidneyStones,fold_2,neg_028.nii.gz,0.0,0.0,
KidneyStones,fold_2,neg_048.nii.gz,0.0,0.0,
KidneyStones,fold_2,neg_051.nii.gz,0.0,0.0,
KidneyStones,fold_2,neg_056.nii.gz,0.0,0.0,
KidneyStones,fold_2,neg_061.nii.gz,0.0,0.0,
KidneyStones,fold_2,neg_078.nii.gz,0.0,0.0,
KidneyStones,fold_2,neg_079.nii.gz,0.0,0.0,
KidneyStones,fold_2,neg_084.nii.gz,0.0,0.0,
KidneyStones,fold_2,neg_086.nii.gz,0.0,0.0,
KidneyStones,fold_2,neg_090.nii.gz,0.0,0.0,
KidneyStones,fold_2,neg_092.nii.gz,0.0,0.0,
KidneyStones,fold_2,neg_093.nii.gz,0.0,0.0,
KidneyStones,fold_2,neg_094.nii.gz,0.0,0.0,
KidneyStones,fold_2,neg_095.nii.gz,0.0,0.0,
KidneyStones,fold_2,neg_096.nii.gz,0.0,0.0,
KidneyStones,fold_2,neg_098.nii.gz,0.0,0.0,
KidneyStones,fold_2,neg_104.nii.gz,0.0,0.0,
KidneyStones,fold_2,neg_109.nii.gz,0.0,0.0,
KidneyStones,fold_2,neg_117.nii.gz,0.0,0.0,
KidneyStones,fold_2,neg_122.nii.gz,0.0,0.0,
KidneyStones,fold_2,neg_126.nii.gz,0.0,0.0,
KidneyStones,fold_2,neg_131.nii.gz,0.0,0.0,
KidneyStones,fold_2,neg_135.nii.gz,0.0,0.0,
KidneyStones,fold_2,neg_139.nii.gz,0.0,0.0,
KidneyStones,fold_2,neg_141.nii.gz,0.0,0.0,
KidneyStones,fold_2,neg_150.nii.gz,0.0,0.0,
KidneyStones,fold_2,neg_156.nii.gz,0.0,0.0,
KidneyStones,fold_2,neg_157.nii.gz,0.0,0.0,
KidneyStones,fold_2,neg_164.nii.gz,0.0,0.0,
KidneyStones,fold_2,neg_168.nii.gz,0.0,0.0,
KidneyStones,fold_2,neg_169.nii.gz,0.0,0.0,
KidneyStones,fold_2,neg_170.nii.gz,0.0,0.0,
KidneyStones,fold_2,neg_173.nii.gz,0.0,0.0,
KidneyStones,fold_2,neg_174.nii.gz,0.0,0.0,
KidneyStones,fold_2,neg_179.nii.gz,0.0,0.0,
KidneyStones,fold_2,neg_181.nii.gz,0.0,0.0,
KidneyStones,fold_2,neg_186.nii.gz,0.0,0.0,
KidneyStones,fold_2,neg_188.nii.gz,0.0,0.0,
KidneyStones,fold_2,neg_196.nii.gz,0.0,0.0,
KidneyStones,fold_2,neg_197.nii.gz,0.0,0.0,
KidneyStones,fold_2,neg_198.nii.gz,0.0,0.0,
KidneyStones,fold_2,neg_204.nii.gz,0.0,0.0,
KidneyStones,fold_2,neg_206.nii.gz,0.0,0.0,
KidneyStones,fold_2,neg_214.nii.gz,0.0,0.0,
KidneyStones,fold_2,stones_005.nii.gz,,0.0,
KidneyStones,fold_2,stones_013.nii.gz,,0.0,
KidneyStones,fold_2,stones_022.nii.gz,,0.0,
KidneyStones,fold_2,stones_035.nii.gz,,0.0,
KidneyStones,fold_2,stones_036.nii.gz,,0.0,
KidneyStones,fold_2,stones_051.nii.gz,,0.0,
KidneyStones,fold_2,stones_063.nii.gz,,0.0,
KidneyStones,fold_3,neg_000.nii.gz,0.0,0.0,
KidneyStones,fold_3,neg_003.nii.gz,0.0,0.0,
KidneyStones,fold_3,neg_006.nii.gz,0.0,0.0,
KidneyStones,fold_3,neg_007.nii.gz,0.0,0.0,
KidneyStones,fold_3,neg_008.nii.gz,0.0,0.0,
KidneyStones,fold_3,neg_021.nii.gz,0.0,0.0,
KidneyStones,fold_3,neg_032.nii.gz,0.0,0.0,
KidneyStones,fold_3,neg_037.nii.gz,0.0,0.0,
KidneyStones,fold_3,neg_045.nii.gz,0.0,0.0,
KidneyStones,fold_3,neg_046.nii.gz,0.0,0.0,
KidneyStones,fold_3,neg_058.nii.gz,0.0,0.0,
KidneyStones,fold_3,neg_060.nii.gz,0.0,0.0,
KidneyStones,fold_3,neg_063.nii.gz,0.0,0.0,
KidneyStones,fold_3,neg_065.nii.gz,0.0,0.0,
KidneyStones,fold_3,neg_069.nii.gz,0.0,0.0,
KidneyStones,fold_3,neg_102.nii.gz,0.0,0.0,
KidneyStones,fold_3,neg_111.nii.gz,0.0,0.0,
KidneyStones,fold_3,neg_114.nii.gz,0.0,0.0,
KidneyStones,fold_3,neg_116.nii.gz,0.0,0.0,
KidneyStones,fold_3,neg_121.nii.gz,0.0,0.0,
KidneyStones,fold_3,neg_123.nii.gz,0.0,0.0,
KidneyStones,fold_3,neg_125.nii.gz,0.0,0.0,
KidneyStones,fold_3,neg_136.nii.gz,0.0,0.0,
KidneyStones,fold_3,neg_137.nii.gz,0.0,0.0,
KidneyStones,fold_3,neg_149.nii.gz,0.0,0.0,
KidneyStones,fold_3,neg_153.nii.gz,0.0,0.0,
KidneyStones,fold_3,neg_154.nii.gz,0.0,0.0,
KidneyStones,fold_3,neg_158.nii.gz,0.0,0.0,
KidneyStones,fold_3,neg_171.nii.gz,0.0,0.0,
KidneyStones,fold_3,neg_172.nii.gz,0.0,0.0,
KidneyStones,fold_3,neg_177.nii.gz,0.0,0.0,
KidneyStones,fold_3,neg_185.nii.gz,0.0,0.0,
KidneyStones,fold_3,neg_190.nii.gz,0.0,0.0,
KidneyStones,fold_3,neg_192.nii.gz,0.0,0.0,
KidneyStones,fold_3,neg_194.nii.gz,0.0,0.0,
KidneyStones,fold_3,neg_199.nii.gz,0.0,0.0,
KidneyStones,fold_3,neg_200.nii.gz,0.0,0.0,
KidneyStones,fold_3,neg_202.nii.gz,0.0,0.0,
KidneyStones,fold_3,neg_207.nii.gz,0.0,0.0,
KidneyStones,fold_3,neg_212.nii.gz,0.0,0.0,
KidneyStones,fold_3,stones_001.nii.gz,,0.0,
KidneyStones,fold_3,stones_003.nii.gz,,0.0,
KidneyStones,fold_3,stones_015.nii.gz,,0.0,
KidneyStones,fold_3,stones_019.nii.gz,,0.0,
KidneyStones,fold_3,stones_021.nii.gz,,0.0,
KidneyStones,fold_3,stones_026.nii.gz,,0.0,
KidneyStones,fold_3,stones_033.nii.gz,,0.0,
KidneyStones,fold_3,stones_038.nii.gz,,0.0,
KidneyStones,fold_3,stones_045.nii.gz,,0.0,
KidneyStones,fold_3,stones_046.nii.gz,,0.0,
KidneyStones,fold_3,stones_047.nii.gz,,0.0,
KidneyStones,fold_3,stones_053.nii.gz,,0.0,
KidneyStones,fold_3,stones_054.nii.gz,,0.0,
KidneyStones,fold_3,stones_055.nii.gz,,0.0,
KidneyStones,fold_3,stones_058.nii.gz,,0.0,
KidneyStones,fold_3,stones_059.nii.gz,,0.0,
KidneyStones,fold_3,stones_061.nii.gz,,0.0,
KidneyStones,fold_3,stones_069.nii.gz,,0.0,
KidneyStones,fold_4,neg_005.nii.gz,0.0,0.0,
KidneyStones,fold_4,neg_012.nii.gz,0.0,0.0,
KidneyStones,fold_4,neg_022.nii.gz,0.0,0.0,
KidneyStones,fold_4,neg_023.nii.gz,0.0,0.0,
KidneyStones,fold_4,neg_029.nii.gz,0.0,0.0,
KidneyStones,fold_4,neg_034.nii.gz,0.0,0.0,
KidneyStones,fold_4,neg_036.nii.gz,0.0,0.0,
KidneyStones,fold_4,neg_038.nii.gz,0.0,0.0,
KidneyStones,fold_4,neg_041.nii.gz,0.0,0.0,
KidneyStones,fold_4,neg_043.nii.gz,0.0,0.0,
KidneyStones,fold_4,neg_059.nii.gz,0.0,0.0,
KidneyStones,fold_4,neg_062.nii.gz,0.0,0.0,
KidneyStones,fold_4,neg_064.nii.gz,0.0,0.0,
KidneyStones,fold_4,neg_072.nii.gz,0.0,0.0,
KidneyStones,fold_4,neg_074.nii.gz,0.0,0.0,
KidneyStones,fold_4,neg_076.nii.gz,0.0,0.0,
KidneyStones,fold_4,neg_077.nii.gz,0.0,0.0,
KidneyStones,fold_4,neg_080.nii.gz,0.0,0.0,
KidneyStones,fold_4,neg_081.nii.gz,0.0,0.0,
KidneyStones,fold_4,neg_082.nii.gz,0.0,0.0,
KidneyStones,fold_4,neg_083.nii.gz,0.0,0.0,
KidneyStones,fold_4,neg_088.nii.gz,0.0,0.0,
KidneyStones,fold_4,neg_091.nii.gz,0.0,0.0,
KidneyStones,fold_4,neg_105.nii.gz,0.0,0.0,
KidneyStones,fold_4,neg_107.nii.gz,0.0,0.0,
KidneyStones,fold_4,neg_108.nii.gz,0.0,0.0,
KidneyStones,fold_4,neg_118.nii.gz,0.0,0.0,
KidneyStones,fold_4,neg_119.nii.gz,0.0,0.0,
KidneyStones,fold_4,neg_124.nii.gz,0.0,0.0,
KidneyStones,fold_4,neg_129.nii.gz,0.0,0.0,
KidneyStones,fold_4,neg_133.nii.gz,0.0,0.0,
KidneyStones,fold_4,neg_138.nii.gz,0.0,0.0,
KidneyStones,fold_4,neg_142.nii.gz,0.0,0.0,
KidneyStones,fold_4,neg_143.nii.gz,0.0,0.0,
KidneyStones,fold_4,neg_146.nii.gz,0.0,0.0,
KidneyStones,fold_4,neg_155.nii.gz,0.0,0.0,
KidneyStones,fold_4,neg_166.nii.gz,0.0,0.0,
KidneyStones,fold_4,neg_178.nii.gz,0.0,0.0,
KidneyStones,fold_4,neg_189.nii.gz,0.0,0.0,
KidneyStones,fold_4,neg_201.nii.gz,0.0,0.0,
KidneyStones,fold_4,neg_208.nii.gz,0.0,0.0,
KidneyStones,fold_4,neg_210.nii.gz,0.0,0.0,
KidneyStones,fold_4,stones_009.nii.gz,,0.0,
KidneyStones,fold_4,stones_011.nii.gz,,0.0,
KidneyStones,fold_4,stones_016.nii.gz,,0.0,
KidneyStones,fold_4,stones_020.nii.gz,,0.0,
KidneyStones,fold_4,stones_032.nii.gz,,0.0,
KidneyStones,fold_4,stones_034.nii.gz,,0.0,
KidneyStones,fold_4,stones_037.nii.gz,,0.0,
KidneyStones,fold_4,stones_040.nii.gz,,0.0,
KidneyStones,fold_4,stones_042.nii.gz,,0.0,
KidneyStones,fold_4,stones_048.nii.gz,,0.0,
KidneyStones,fold_4,stones_052.nii.gz,,0.0,
KidneyStones,fold_4,stones_056.nii.gz,,0.0,
KidneyStones,fold_4,stones_068.nii.gz,,0.0,
KidneyStones,fold_4,stones_070.nii.gz,,0.0,
KidneyStones,fold_4,stones_071.nii.gz,,0.0,
KidneyStones,fold_4,stones_072.nii.gz,,0.0,
