dataset,fold,case,label_1_hd95,label_1_esd_mm,label_1_density_hu,label_2_hd95,label_2_esd_mm,label_2_density_hu,label_3_hd95,label_3_esd_mm,label_3_density_hu,label_4_hd95,label_4_esd_mm,label_4_density_hu
KidneyAbnormalities,fold_0,cyst_010.nii.gz,1.0496123026733577,74.49565037647756,110.88749248518508,1.9405854714097333,4.4936175144302295,33.21739130434783,0.0,0.0,,0.0,0.0,
KidneyAbnormalities,fold_0,cyst_011.nii.gz,1.1131402474338283,76.94228388573765,118.88686057913979,1.1131402474338283,10.077723075943497,24.890173410404625,0.0,0.0,,0.0,0.0,
KidneyAbnormalities,fold_0,cyst_016.nii.gz,1.0496123026733577,84.01295093200778,77.66985274549809,62.187014004969384,8.339229701300082,16.303854875283445,0.0,0.0,,0.0,0.0,
KidneyAbnormalities,fold_0,cyst_018.nii.gz,1.115902214710444,72.83657545672669,110.70327159425307,91.5416472788437,10.611983700940248,18.78731343283582,0.0,0.0,,0.0,0.0,
KidneyAbnormalities,fold_0,cyst_020.nii.gz,0.9702927357048666,77.72478548069526,102.48407753911474,1.7733696638908003,38.304767609721935,14.19860313300654,0.0,0.0,,0.0,0.0,
KidneyAbnormalities,fold_0,cyst_030.nii.gz,0.8100000023841858,79.35240506614346,26.437208077591016,1.4894965605406347,14.277178201395847,11.68837459634015,0.0,0.0,,0.0,0.0,
KidneyAbnormalities,fold_0,cyst_033.nii.gz,1.4843759536743164,81.71265718420761,88.74074806091312,37.47741652756811,31.08776263132351,18.16220948045695,0.0,0.0,,0.0,0.0,
KidneyAbnormalities,fold_0,cyst_035.nii.gz,0.8984379768371582,80.60816135720958,29.375264900662252,1.25,10.026047565468096,12.67112810707457,0.0,0.0,,0.0,0.0,
KidneyAbnormalities,fold_0,cyst_040.nii.gz,1.1241894652394442,87.47512809531942,98.249898581036,45.13470768614926,10.936033660847173,38.72895040369089,0.0,0.0,,0.0,0.0,
KidneyAbnormalities,fold_0,cyst_047.nii.gz,1.0910431605217485,79.93893195678551,94.67705676353026,102.21330326988118,9.16617577647384,14.42619926199262,0.0,0.0,,0.0,0.0,
KidneyAbnormalities,fold_0,multi_000.nii.gz,1.87890625,97.7573822791389,138.45983411488547,1.3720685748432058,42.98945789858123,11.344443501506344,0.0,0.0,,1.3720685748432058,41.143095766920624,48.95200638946706
KidneyAbnormalities,fold_0,multi_002.nii.gz,22.794768499532204,93.44036747827428,80.21107694036034,30.218588922302082,37.67490110118721,14.858958794544026,0.0,0.0,,94.80352067845897,105.65203997728592,79.98082994673186
KidneyAbnormalities,fold_0,multi_003.nii.gz,1.41015625,91.40138213617591,168.61611172867597,7.3752288782843936,14.07537373884397,53.50357507660878,0.0,0.0,,62.028335279886356,33.54909351561803,145.92894319981897
KidneyAbnormalities,fold_0,multi_004.nii.gz,2.5,105.37647141010609,172.80976034940065,18.71872391483992,36.64655147036939,2.7766471068855383,0.0,0.0,,39.6173099793512,80.34815002518327,83.90976489823532
KidneyAbnormalities,fold_0,multi_005.nii.gz,0.89453125,95.10906281761157,135.52295434178072,190.62484129243913,14.769110486597013,16.810009487666033,0.0,0.0,,1.8576179986494128,19.66947263926819,72.73441108545035
KidneyAbnormalities,fold_0,multi_007.nii.gz,3.0,71.17019098530413,73.60940595355494,52.552380494805554,7.904715290820202,35.86624203821656,0.0,0.0,,129.9079194532757,53.272394884969195,68.01248543366073
KidneyAbnormalities,fold_0,multi_017.nii.gz,8.883430882169414,108.56762031784743,78.4807297611965,26.121829024229758,52.53724231836404,17.006631832797428,0.0,0.0,,181.18249197855494,59.285718647617884,64.06022411411989
KidneyAbnormalities,fold_0,multi_021.nii.gz,53.2423594549681,88.18542074380734,146.24559456438683,1.9548273830843095,30.345198175320682,17.841199440775203,0.0,0.0,,110.1442964579439,115.71293038920827,34.601391493664636
KidneyAbnormalities,fold_0,multi_023.nii.gz,1.4843759536743164,93.47733227087116,136.96839610642607,2.5,4.240877598129021,27.310344827586206,0.0,0.0,,2.5,38.2291834256036,137.8818434307772
KidneyAbnormalities,fold_0,multi_035.nii.gz,1.640625,76.66774141728793,141.95883113426365,49.14920675060066,5.76818169419526,62.285714285714285,0.0,0.0,,3.1931628618816172,39.267623918295186,51.43322484788453
KidneyAbnormalities,fold_0,multi_037.nii.gz,1.0496116283237815,84.62293986341835,93.82644190497685,1.6595817020506252,19.749798836747715,27.1160805735746,0.0,0.0,,2.5,16.461326736159293,65.68691037735849
KidneyAbnormalities,fold_0,multi_047.nii.gz,1.3810679320049757,95.47612994027195,94.77661060542168,58.16071756248209,22.967720879252262,11.839672279013831,0.0,0.0,,61.99911937630296,18.185539007188698,80.93503937007874
KidneyAbnormalities,fold_0,multi_049.nii.gz,1.0,86.02891186366972,113.11157967331918,10.41539154386252,19.981311400876468,28.49582675389127,0.0,0.0,,52.51343414488952,16.276224905003218,68.5780467445743
KidneyAbnormalities,fold_0,multi_050.nii.gz,1.953125,92.37480606662837,125.73305574297783,42.16178791837407,17.698998977586314,36.17739816031538,0.0,0.0,,2.0,35.92879870927155,72.70043983663211
KidneyAbnormalities,fold_0,multi_051.nii.gz,3.313852727727324,88.42984638390807,159.63241964468506,3.3866239159887392,8.885624762760441,51.18385650224215,0.0,0.0,,4.320735334617466,55.95383052220878,76.80387543998276
KidneyAbnormalities,fold_0,multi_062.nii.gz,1.0,82.23889739193324,153.56749850564773,17.149272800233504,6.103350362629888,59.969849246231156,0.0,0.0,,1.0938058021479407,16.906903155766518,125.54491725768321
KidneyAbnormalities,fold_0,multi_063.nii.gz,1.3479223016368562,95.11383752947049,102.8587936871523,1.3814656223102333,13.888312029074442,42.512305699481864,0.0,0.0,,6.714497200554186,24.331073813912475,102.1907973982173
KidneyAbnormalities,fold_0,multi_070.nii.gz,1.303728127812697,104.24637063548025,70.74403521063196,2.765625,25.466788631388656,16.541568396226417,0.0,0.0,,3.97477397156115,21.247653624930763,48.72081218274111
KidneyAbnormalities,fold_0,multi_077.nii.gz,4.900419816697628,83.34397328343579,163.72192959264606,148.20037098556472,21.184523388006426,50.35739938080496,0.0,0.0,,6.180043052350546,74.2002868672361,87.51500523086412
KidneyAbnormalities,fold_0,multi_078.nii.gz,1.0661844435078411,100.57711624059,190.63359590637847,29.34621582412653,24.498435921715142,37.51303063861204,0.0,0.0,,3.0,16.534164797804536,92.24687800192123
KidneyAbnormalities,fold_0,multi_080.nii.gz,4.407879034525314,80.13878813682182,178.02020011018985,0.60546875,19.353403161917974,21.0569855604385,0.0,0.0,,1.4432470461195521,53.16354840060735,216.633958255189
KidneyAbnormalities,fold_0,multi_082.nii.gz,2.586692676741141,89.8297795054718,155.25609111400288,36.514734639420986,10.749883805931061,56.50847457627118,0.0,0.0,,2.5,78.07194710225846,129.51029826245858
KidneyAbnormalities,fold_0,multi_084.nii.gz,74.41540558171154,85.54016835068016,137.02740351584515,127.66181890712423,17.006052175074498,31.751832460732984,0.0,0.0,,95.32820695374284,102.37091677207493,116.88333589354635
KidneyAbnormalities,fold_0,multi_094.nii.gz,4.832907471585427,86.52098362161192,94.33331745767151,125.90904596993832,28.85085479471976,9.65146649539713,0.0,0.0,,12.172264396501173,83.80214843510046,77.35443601928856
KidneyAbnormalities,fold_0,multi_095.nii.gz,3.0140155193331784,97.4431003488188,99.37350221341376,3.0,30.579475453353474,9.959255110613274,0.0,0.0,,9.909210051646713,34.3974206248137,97.93890801770782
KidneyAbnormalities,fold_0,multi_097.nii.gz,3.0,83.34836744571561,78.21506091283459,,0.0,,0.0,0.0,,122.5145433816258,102.7035158521149,53.642133017443975
KidneyAbnormalities,fold_0,multi_111.nii.gz,1.0,93.1388038414266,137.32794823990395,154.57028700325534,32.50916296806474,23.88504946356416,0.0,0.0,,1.6343257043234987,12.766648985126695,91.79447852760737
KidneyAbnormalities,fold_0,multi_112.nii.gz,12.795360582703648,74.85165113553758,108.31653844068369,13.949627885832738,13.819937977902216,58.2702616464582,0.0,0.0,,132.6109350457923,68.47984852389662,105.85665955069734
KidneyAbnormalities,fold_0,multi_113.nii.gz,1.0,78.69546546374062,178.03365621568867,78.40837416134823,23.312698479915174,39.59615204129517,0.0,0.0,,11.259181366292244,18.786634394803016,59.595588235294116
KidneyAbnormalities,fold_0,multi_117.nii.gz,2.7621358640099514,108.0361065885963,79.49866932440679,2.1836601342771385,35.94924605482724,3.941977849652063,0.0,0.0,,13.322379604539702,53.53314459154563,66.64706755312834
KidneyAbnormalities,fold_0,stone_013.nii.gz,1.51171875,78.11433115348733,16.05253518990674,0.0,0.0,,1.4607613401232347,16.68739417499903,305.183445846786,0.0,0.0,
KidneyAbnormalities,fold_0,stone_014.nii.gz,1.25,78.45968974663673,26.539881117925173,,53.85087065132781,1.8865594611537957,1.25,23.45424308593104,845.5768484206811,0.0,0.0,
KidneyAbnormalities,fold_0,stone_041.nii.gz,1.2499998807907104,83.35247102605788,26.717595737833875,0.0,0.0,,49.45830144807352,6.433066017378838,74.94444444444444,0.0,0.0,
KidneyAbnormalities,fold_0,stone_045.nii.gz,1.25,76.36466022426966,142.4515324293574,,9.987055218800021,46.935158501440924,,0.0,,0.0,0.0,
KidneyAbnormalities,fold_0,stone_047.nii.gz,1.48828125,71.76767671275375,111.14593906087904,,13.876036724754417,14.010252147409254,15.980997434877365,14.654359729487856,742.2921665490472,0.0,0.0,
KidneyAbnormalities,fold_0,stone_051.nii.gz,1.3671875,91.90007087651412,23.150658704943652,0.0,0.0,,220.7353239264782,12.14152961731399,375.4682124158564,0.0,0.0,
KidneyAbnormalities,fold_0,stone_053.nii.gz,1.25,71.70505400856283,22.746960339245497,0.0,0.0,,0.82421875,5.890095078417397,283.22222222222223,0.0,0.0,
KidneyAbnormalities,fold_0,stone_055.nii.gz,1.0496123026733577,85.90181244529481,28.36411333069169,0.0,0.0,,16.906984245057586,5.984698480865302,178.95092024539878,0.0,0.0,
KidneyAbnormalities,fold_0,stone_057.nii.gz,1.14076211183611,69.98319874572749,28.90905176906727,,7.363227483163307,9.750972762645915,50.35847471570494,4.025689489009239,146.23809523809524,0.0,0.0,
KidneyAbnormalities,fold_0,stone_059.nii.gz,1.1103786173320005,87.08971266471393,22.167074026625077,0.0,0.0,,1.2499998807907104,5.400107893502072,156.5981308411215,0.0,0.0,
KidneyAbnormalities,fold_0,stone_062.nii.gz,1.25,82.95779461866246,28.41786571068065,,9.298008089981044,10.23076923076923,1.25,17.989354373218724,562.6741901221455,0.0,0.0,
KidneyAbnormalities,fold_0,stone_063.nii.gz,1.0496123026733577,84.20262531799227,34.249305587678776,0.0,0.0,,0.7421879768371582,4.382343321011869,154.890625,0.0,0.0,
KidneyAbnormalities,fold_0,stone_072.nii.gz,1.375,80.94771489572582,25.18581963307124,0.0,0.0,,3.119394930586891,5.17245010532463,171.4840182648402,0.0,0.0,
KidneyAbnormalities,fold_0,stone_074.nii.gz,1.4699340673828722,88.87732428895566,21.925211401976,,6.629244397890089,-0.7941176470588235,1.250000238418579,10.158260079737758,405.5858310626703,0.0,0.0,
KidneyAbnormalities,fold_0,tumor_013.nii.gz,1.40625,82.14248105030666,163.1663879890664,0.0,0.0,,0.0,0.0,,2.109375,27.770021668238368,156.9745822494599
KidneyAbnormalities,fold_0,tumor_020.nii.gz,2.642314663742107,94.42597641937716,120.78094101319451,0.0,0.0,,0.0,0.0,,7.035516066805057,49.74779454322322,119.65309296490969
KidneyAbnormalities,fold_0,tumor_032.nii.gz,1.453125,80.28923129425954,125.91425755264792,,8.130018144371645,55.590994371482175,0.0,0.0,,3.982789206483473,21.848013180053318,50.79611368909513
KidneyAbnormalities,fold_0,tumor_037.nii.gz,7.763174364955558,79.96174356058499,205.18382376189624,,22.339474335686777,49.11321894635089,0.0,0.0,,5.421452838391777,64.66127322730046,86.86623416743899
KidneyAbnormalities,fold_1,cyst_009.nii.gz,1.1269514325160601,77.97595875872736,123.27406673168237,6.3100550479594695,13.637326718168344,20.407053197848178,0.0,0.0,,0.0,0.0,
KidneyAbnormalities,fold_1,cyst_014.nii.gz,1.085519225968517,73.62981762144004,113.37973537236385,1.25,8.839193521118927,22.281059063136457,0.0,0.0,,0.0,0.0,
KidneyAbnormalities,fold_1,cyst_015.nii.gz,1.25,86.20017514998776,96.63805366425531,2.6064092941626527,21.601268325101984,14.545776347546258,0.0,0.0,,0.0,0.0,
KidneyAbnormalities,fold_1,cyst_017.nii.gz,1.0496123026733577,70.94724565675982,28.71273120956249,68.3798395235769,11.184767205588551,15.253759398496241,0.0,0.0,,0.0,0.0,
KidneyAbnormalities,fold_1,cyst_019.nii.gz,0.983891551874373,78.34545072432097,90.79509758839836,21.881156824068718,17.717197663909364,15.865318317628132,0.0,0.0,,0.0,0.0,
KidneyAbnormalities,fold_1,cyst_027.nii.gz,1.40625,73.21400464225385,20.43626526641224,2.8125,47.70195335282588,3.256592038448574,0.0,0.0,,0.0,0.0,
KidneyAbnormalities,fold_1,cyst_031.nii.gz,1.6992180347442627,80.39856880712951,28.397055458841084,19.607139426269757,44.44585534480013,3.452875368007851,0.0,0.0,,0.0,0.0,
KidneyAbnormalities,fold_1,cyst_039.nii.gz,1.0496123026733577,90.9286405698227,101.06030684300839,92.71532252315441,12.616127974162808,30.076620825147348,0.0,0.0,,0.0,0.0,
KidneyAbnormalities,fold_1,cyst_042.nii.gz,1.0496123026733577,83.9584496337107,93.87446755087848,125.47112301188915,12.964444398816582,18.23415811707906,0.0,0.0,,0.0,0.0,
KidneyAbnormalities,fold_1,cyst_044.nii.gz,0.9702927357048666,84.11406009714484,138.90277648878578,0.9702927357048666,33.63160073371051,16.907491271130777,0.0,0.0,,0.0,0.0,
KidneyAbnormalities,fold_1,cyst_049.nii.gz,1.4537341548445624,82.32193683591338,90.35313363316645,0.7421879768371582,10.852634119245346,23.80658436213992,,18.546280826375686,456.49412492269636,0.0,0.0,
KidneyAbnormalities,fold_1,multi_016.nii.gz,1.3810679320049757,108.51825265380491,52.403029810668905,73.8428529681651,12.912380451346323,0.5304568527918782,0.0,0.0,,3.0,28.798365667971556,40.67490276824525
KidneyAbnormalities,fold_1,multi_018.nii.gz,1.6299597537448969,100.45798745086512,99.7053261058698,2.811897721971431,41.48887078048988,29.595358883473637,0.0,0.0,,3.504831521505795,29.123874753805975,57.19655437427949
KidneyAbnormalities,fold_1,multi_020.nii.gz,1.0,82.71931588978494,180.30766145022682,54.68971326436514,2.1813504722489956,51.125,0.0,0.0,,3.5820908869081354,17.052668391606847,155.4942438513867
KidneyAbnormalities,fold_1,multi_025.nii.gz,2.0661847116594663,102.38325487757199,147.44312694744826,1.2860108290908994,14.90545436531081,40.69607843137255,0.0,0.0,,24.200674328196996,129.19295557724354,27.773177040957258
KidneyAbnormalities,fold_1,multi_039.nii.gz,1.1656213346121995,96.78261215109714,172.87967638151832,36.883096287198214,8.187328985472115,38.72813238770686,0.0,0.0,,2.47265625,21.92293129026137,116.93449082625293
KidneyAbnormalities,fold_1,multi_053.nii.gz,1.8242180347442627,112.25485465327704,101.9152642323796,57.85195564747546,44.45497472264602,31.027716236379256,0.0,0.0,,,0.0,
KidneyAbnormalities,fold_1,multi_056.nii.gz,1.40625,76.98963199650272,80.95367151857484,40.78471262860294,31.526436134524932,15.95837884666089,0.0,0.0,,4.89389367605182,23.794218544514045,38.09111617312073
KidneyAbnormalities,fold_1,multi_060.nii.gz,1.1855002178833889,68.88128793971381,135.69742378438823,1.345667690480501,10.163706495562693,58.857669616519175,0.0,0.0,,1.1855002178833889,17.136195081968143,106.66179412217264
KidneyAbnormalities,fold_1,multi_065.nii.gz,1.7731320290330363,91.92604753348905,90.49795469723954,2.8590894879655853,20.811690610510393,27.915667466027177,0.0,0.0,,6.069657913460289,42.23474339386644,78.82994596145569
KidneyAbnormalities,fold_1,multi_090.nii.gz,2.7605001952771167,102.10235145259547,106.07896580231098,143.4776989726646,16.75705364276138,33.10635260528194,0.0,0.0,,80.5903727133486,56.09520198573635,47.03251769541061
KidneyAbnormalities,fold_1,multi_098.nii.gz,2.73046875,83.85687271803289,86.95145954067397,173.8504845854665,12.664832128394762,35.13084112149533,0.0,0.0,,30.693443328810574,5.479684357094942,63.5
KidneyAbnormalities,fold_1,multi_101.nii.gz,1.0,93.42327599751931,140.27686317783397,33.4558001774043,12.798495773040809,50.933101650738486,0.0,0.0,,1.397739001532922,19.44393709272048,57.383795837462834
KidneyAbnormalities,fold_1,multi_102.nii.gz,1.953125,105.43678275995431,54.24100506707791,54.52138802194878,9.4113021495196,16.793478260869566,,12.99148799068647,629.00826446281,64.99819694987458,18.702493252260897,37.12673130193906
KidneyAbnormalities,fold_1,multi_109.nii.gz,4.668816933924482,98.6824954492314,114.69563952917133,2.5351532405606174,16.994207269476245,46.70604078491728,0.0,0.0,,7.519278607768833,74.56155253623007,65.72754399631903
KidneyAbnormalities,fold_1,multi_110.nii.gz,57.1270985290916,86.88378945768031,145.86575914602724,11.415704691285283,51.7896475524181,14.61481883306476,0.0,0.0,,81.67828081593879,105.47631892504585,85.769800566034
KidneyAbnormalities,fold_1,multi_115.nii.gz,1.4577379737113252,93.04471519838658,96.12961950360759,2.462214450449026,12.351446772732348,18.601482326111746,0.0,0.0,,144.50829883264092,11.240486798044037,59.341906202723145
KidneyAbnormalities,fold_1,stone_005.nii.gz,1.5722352966795397,85.03865856419009,23.888256608872222,0.0,0.0,,1.25,9.107212736269801,207.5515625,0.0,0.0,
KidneyAbnormalities,fold_1,stone_006.nii.gz,1.2125776443003686,85.95777459778404,23.029209223150726,0.0,0.0,,0.857421875,8.189956887160166,427.24281150159743,0.0,0.0,
KidneyAbnormalities,fold_1,stone_010.nii.gz,0.9140625,79.91027374973967,20.88461688804109,,7.633481885127225,1.0717488789237668,0.9140625,10.394186937182313,292.79928952042627,,25.066292597079517,-2.337386018237082
KidneyAbnormalities,fold_1,stone_012.nii.gz,1.4609375,82.65406977099344,22.559066504241112,,21.739903033019996,0.2132407636994793,1.4477858953174574,24.34500288086373,406.7337335569877,0.0,0.0,
KidneyAbnormalities,fold_1,stone_017.nii.gz,1.59375,77.70658655851055,24.90114210942927,0.0,0.0,,0.796875,6.945358848903686,395.5022624434389,0.0,0.0,
KidneyAbnormalities,fold_1,stone_021.nii.gz,0.8222659826278687,85.98892321202095,110.43325167235754,,5.276255406420086,19.186813186813186,,0.0,,0.0,0.0,
KidneyAbnormalities,fold_1,stone_023.nii.gz,2.3731413590573385,77.67998718714612,112.07528535039607,,3.348445182553942,54.901408450704224,114.97081220329763,10.715749147359377,400.7395788568973,0.0,0.0,
KidneyAbnormalities,fold_1,stone_025.nii.gz,1.1186655306862123,98.99895420064101,147.44999430371368,0.0,0.0,,0.7910159826278687,2.9958367064540874,229.05555555555554,0.0,0.0,
KidneyAbnormalities,fold_1,stone_033.nii.gz,1.48828125,75.46003809413885,22.78041552740348,0.0,0.0,,1.0523737641877915,15.178881700230205,512.5734546994073,0.0,0.0,
KidneyAbnormalities,fold_1,stone_035.nii.gz,1.074470851099871,91.45889755870724,22.10033756885576,0.0,0.0,,1.25,3.8986391740503104,94.5813953488372,0.0,0.0,
KidneyAbnormalities,fold_1,stone_039.nii.gz,1.4962023079072477,74.81011090904832,117.94382096111957,,62.39845893277238,6.9250051489200555,,0.0,,0.0,0.0,
KidneyAbnormalities,fold_1,stone_043.nii.gz,4.847337017856258,66.09623501824545,130.77317897138343,,17.772692642968902,25.13314527503526,,0.0,,,44.4673653877339,124.04129745695555
KidneyAbnormalities,fold_1,stone_049.nii.gz,1.0496123026733577,74.54703552205318,74.24251976002286,0.0,0.0,,3.8811709428194665,8.849456763809387,396.1821631878558,0.0,0.0,
KidneyAbnormalities,fold_1,stone_052.nii.gz,1.25,80.96820969516973,32.031829928095746,0.0,0.0,,7.6938949829630445,6.862953445222148,409.18589743589746,0.0,0.0,
KidneyAbnormalities,fold_1,stone_068.nii.gz,1.6322334348748246,76.83227952603049,30.314486269893504,,1.8734254172523928,2.6,4.055666313311723,6.789514586591714,243.03361344537817,0.0,0.0,
KidneyAbnormalities,fold_1,stone_069.nii.gz,1.1518106552921497,90.17786320394086,19.161562842759174,0.0,0.0,,0.814453125,7.340441000617336,373.7982062780269,0.0,0.0,
KidneyAbnormalities,fold_1,stone_070.nii.gz,1.23046875,70.34836854887286,24.58138284187683,0.0,0.0,,0.699999988079071,4.810620440195614,282.5272727272727,0.0,0.0,
KidneyAbnormalities,fold_1,stone_073.nii.gz,1.4537341548445624,83.78484209048025,31.91955184603036,0.0,0.0,,1.25,4.963721305915304,357.5268817204301,0.0,0.0,
KidneyAbnormalities,fold_1,tumor_000.nii.gz,1.0470225671414708,89.32213946999094,120.84794340202457,0.0,0.0,,0.0,0.0,,2.869020962021292,23.806958076547712,127.46086123255675
KidneyAbnormalities,fold_1,tumor_001.nii.gz,1.12971356838007,95.9402697242319,101.50500625177686,,21.037348543358707,15.086131291314876,0.0,0.0,,2.0,21.18637034143117,57.599000384467516
KidneyAbnormalities,fold_1,tumor_009.nii.gz,1.3534465733648762,96.72026519330335,97.20092296151942,,4.033000673257859,60.93333333333333,0.0,0.0,,3.7540717190147572,34.06018501442637,89.54653916816079
KidneyAbnormalities,fold_1,tumor_011.nii.gz,1.4984122456161721,85.8268020257474,139.36428970438595,0.0,0.0,,0.0,0.0,,6.214999654314149,28.04906908483847,121.51013040198298
KidneyAbnormalities,fold_1,tumor_014.nii.gz,23.275563286706436,105.35655768977966,81.1711919737627,,2.5165135195285884,2.5555555555555554,0.0,0.0,,8.218465009614498,110.94362960184574,83.824643756978
KidneyAbnormalities,fold_1,tumor_019.nii.gz,0.9673629182602567,81.99484908545968,116.07018731824144,,21.00520854693159,34.79607122668174,0.0,0.0,,,0.0,
KidneyAbnormalities,fold_1,tumor_027.nii.gz,4.164828747071318,92.46422934202982,95.88739149656669,0.0,0.0,,0.0,0.0,,5.128573404684419,47.079438213225224,81.19435875655698
KidneyAbnormalities,fold_1,tumor_030.nii.gz,1.2937650965302783,87.4356749497184,139.48598586127534,,2.16851986170793,18.533333333333335,0.0,0.0,,1.7210212266267955,47.64662498790056,43.13279492175225
KidneyAbnormalities,fold_1,tumor_034.nii.gz,0.9908717284424672,90.12161243740559,87.83997987372385,,3.5862553202999,10.287878787878787,0.0,0.0,,4.27734375,25.67014111023664,85.89704606486264
KidneyAbnormalities,fold_1,tumor_035.nii.gz,8.225078510501055,88.10445971499847,157.4925882357321,0.0,0.0,,0.0,0.0,,28.263652642023207,65.70736972376419,94.87633829613476
KidneyAbnormalities,fold_1,tumor_036.nii.gz,3.796192249088686,97.09525057066318,132.1181891965463,,17.38632501319571,5.5298230281844,0.0,0.0,,2.0,49.63684341088103,99.03847706680438
KidneyAbnormalities,fold_1,tumor_043.nii.gz,1.7050949043418375,83.77809827215454,160.42596378414208,,8.759431959689799,70.28726287262873,0.0,0.0,,1.960156249999983,26.657020209685157,93.05692307692307
KidneyAbnormalities,fold_1,tumor_044.nii.gz,1.308401338466145,96.00167653427849,113.19585625595477,,8.003072782497084,58.41379310344828,0.0,0.0,,4.366285964638597,39.09572545578897,80.61328782707622
KidneyAbnormalities,fold_2,cyst_001.nii.gz,1.25,91.2727129741746,106.96101720538184,57.779774666743414,19.811663100192515,21.646624051138634,0.0,0.0,,,19.468023221185145,42.56757894736842
KidneyAbnormalities,fold_2,cyst_002.nii.gz,1.25,74.48940987334066,131.46517340120903,1.25,5.535747978267386,28.82170542635659,0.0,0.0,,0.0,0.0,
KidneyAbnormalities,fold_2,cyst_004.nii.gz,1.0496123026733577,75.33626717576502,136.40063110886936,12.925877248188458,10.720777193565407,27.008537886873,0.0,0.0,,0.0,0.0,
KidneyAbnormalities,fold_2,cyst_013.nii.gz,0.8066409826278687,86.0081039441351,126.76097385903361,65.23681205486288,8.417847632176969,14.0625,0.0,0.0,,0.0,0.0,
KidneyAbnormalities,fold_2,cyst_024.nii.gz,1.25,83.42487220617224,134.40002083724974,1.6322334348748246,7.616571075438714,43.669642857142854,0.0,0.0,,0.0,0.0,
KidneyAbnormalities,fold_2,cyst_025.nii.gz,1.5972693984578807,75.44688347823072,23.612450566272113,5.909679890336701,34.25294065960791,4.206490455212922,0.0,0.0,,0.0,0.0,
KidneyAbnormalities,fold_2,cyst_026.nii.gz,30.193458996179587,54.959251315256374,7.803052924949521,8.78654479523369,61.675718065273834,-11.783108709760183,0.0,0.0,,0.0,0.0,
KidneyAbnormalities,fold_2,cyst_028.nii.gz,1.2499998807907104,68.29970811502034,23.04607554047446,1.40625,12.874339329672004,8.323008849557523,0.0,0.0,,0.0,0.0,
KidneyAbnormalities,fold_2,cyst_048.nii.gz,1.25,87.06549657299847,112.49308299410814,3.2644668697496493,19.469387730533807,17.319315751960087,0.0,0.0,,0.0,0.0,
KidneyAbnormalities,fold_2,multi_001.nii.gz,1.484375,90.27764163059103,118.47837650026166,2.347002950906219,20.352039205082008,8.499438412579558,0.0,0.0,,3.0,28.69841499405824,90.69915876619041
KidneyAbnormalities,fold_2,multi_006.nii.gz,1.1020923783273646,80.53939236947436,161.01432551840503,1.7425610537132314,13.43871103185514,63.78853046594982,0.0,0.0,,2.946050783801008,26.71589519369359,92.62712895377129
KidneyAbnormalities,fold_2,multi_011.nii.gz,1.3141730408321424,97.11126746118067,85.406051948652,3.4736733078975632,24.710585431425518,22.601215237204954,0.0,0.0,,4.336465339493099,24.039586752583435,82.67841007157723
KidneyAbnormalities,fold_2,multi_028.nii.gz,2.5,100.35492121181787,106.2148943790461,3.9430668853120854,49.808321187319976,22.866795633549813,0.0,0.0,,7.022624973335614,42.14561892759032,65.78656144512362
KidneyAbnormalities,fold_2,multi_029.nii.gz,1.0,76.41073072896499,124.35375441944824,2.55699198430744,7.8865099307123945,48.55795148247979,0.0,0.0,,2.55699198430744,17.07905548192453,132.13402335456476
KidneyAbnormalities,fold_2,multi_034.nii.gz,0.8789060115814209,96.93817559775235,137.60640218966873,135.53765530761603,12.155842727040623,20.17453798767967,0.0,0.0,,2.6499954296552968,28.678445155818434,122.63064894448789
KidneyAbnormalities,fold_2,multi_036.nii.gz,2.1181503302488243,86.39902120907215,71.70325316667596,7.068568809377221,22.056141818737853,22.085289889793962,0.0,0.0,,157.70120942270248,46.01500141936436,40.295498918262886
KidneyAbnormalities,fold_2,multi_040.nii.gz,0.8707542955466201,96.16306640873563,111.59478635869735,1.1253559820900145,32.04952067407078,26.481174632190346,0.0,0.0,,3.4830171821864804,17.920704802855035,91.12083649548866
KidneyAbnormalities,fold_2,multi_042.nii.gz,3.1549444236636326,92.53369451515306,33.37676461866306,42.11490830622101,35.78572229441161,7.842375104328127,0.0,0.0,,6.2863008299794245,73.4793112457339,40.12852932264551
KidneyAbnormalities,fold_2,multi_043.nii.gz,3.488375842957366,91.65831037158964,149.7873252919778,39.73677320439358,19.14325188604701,28.69683419781792,0.0,0.0,,3.6591972796564702,78.50292435058203,81.86088669414136
KidneyAbnormalities,fold_2,multi_044.nii.gz,1.4848888913084541,94.63142882948574,104.57977292920138,37.05231524133084,9.459360651177615,30.925373134328357,0.0,0.0,,3.3860676457452086,37.35843613654144,92.79182012017833
KidneyAbnormalities,fold_2,multi_045.nii.gz,1.0625,88.61504733523313,91.02282828550855,2.9792891278605813,17.752509267925337,26.604860486048604,0.0,0.0,,1.3707320124663318,32.11288560457182,61.87239273132777
KidneyAbnormalities,fold_2,multi_046.nii.gz,2.1580051521190273,86.66892721689412,83.00423541792348,108.2633519231907,12.81053774610386,0.6666666666666666,0.0,0.0,,1.2505888505598197,22.480572867881474,33.44055442045392
KidneyAbnormalities,fold_2,multi_048.nii.gz,0.9943689110435825,86.08962919191467,119.78073695893451,179.8719070561095,7.1615223704245405,22.43573264781491,0.0,0.0,,1.6498253932234768,20.229294826017956,117.4357000285144
KidneyAbnormalities,fold_2,multi_054.nii.gz,1.5198274534568883,86.91408639511049,107.40439410696743,38.037127376841056,21.027745525914256,45.642247105712656,0.0,0.0,,,0.0,
KidneyAbnormalities,fold_2,multi_059.nii.gz,1.0358009490037317,88.80962050512154,159.0320615488127,2.0716018980074633,41.43103408418122,13.717748325289923,0.0,0.0,,3.3283593896703283,20.02688257012758,166.33992346938774
KidneyAbnormalities,fold_2,multi_067.nii.gz,3.125,94.62323457423817,111.49512310899222,35.35131992320089,14.96313981767208,6.413361169102297,0.0,0.0,,9.225370677036254,27.169316007775972,74.52711421098518
KidneyAbnormalities,fold_2,multi_072.nii.gz,1.1048543456039805,105.21057852194663,95.72497177380609,221.12802444820633,13.972231261957004,36.03974358974359,0.0,0.0,,3.0,36.23723279328513,73.57602704490336
KidneyAbnormalities,fold_2,multi_076.nii.gz,1.89453125,70.67259522130009,113.32297593847707,26.543344608805175,12.493834008512152,46.00175746924429,0.0,0.0,,3.905676227391729,34.43103474551744,104.50885884625073
KidneyAbnormalities,fold_2,multi_081.nii.gz,1.8559456623936523,78.16533495541964,165.5502166330377,10.016955867001432,4.158206740410614,80.14285714285714,0.0,0.0,,3.9186463459427303,33.79169323557748,166.86639725099215
KidneyAbnormalities,fold_2,multi_085.nii.gz,0.736328125,90.86310801798324,140.83855165245623,87.4620368713466,25.221945266776313,17.820909970958375,0.0,0.0,,9.469681394991927,36.682852766246,37.62215229704216
KidneyAbnormalities,fold_2,multi_089.nii.gz,8.205199003066998,89.23973249287178,92.82383963192315,72.63798033663053,55.40379579672305,9.222376734484113,0.0,0.0,,43.4360278085589,34.17421845423579,16.635579028726006
KidneyAbnormalities,fold_2,multi_091.nii.gz,2.9251018799865385,85.36830751752709,111.97651384982434,25.99825378950314,29.954263370919016,20.54585374092214,0.0,0.0,,3.1706095459040875,65.71479237868243,103.39412333949151
KidneyAbnormalities,fold_2,multi_100.nii.gz,1.40625,93.73027801033774,170.4613273035406,1.988737822087165,25.584329858525706,66.93606224627875,0.0,0.0,,31.374296770715926,18.400357295550076,141.6016974840861
KidneyAbnormalities,fold_2,multi_106.nii.gz,4.573553621716147,86.69351189426257,109.5797664279259,30.466647125449338,47.64058591264008,25.53456136894543,0.0,0.0,,251.13068357968257,60.377450110425535,44.072981044423244
KidneyAbnormalities,fold_2,multi_107.nii.gz,105.54143029585308,95.9649868935476,139.0205538840834,41.38499843271758,30.74242413190102,23.255521131236097,0.0,0.0,,14.14340268315107,91.10972984712036,89.97376628925443
KidneyAbnormalities,fold_2,multi_114.nii.gz,1.2665951624982872,89.65913861981377,127.65648307377981,2.394549938835538,19.27583160908578,33.701417982597484,0.0,0.0,,196.5228023427792,28.533164043008348,94.70147548313379
KidneyAbnormalities,fold_2,multi_118.nii.gz,1.3810679320049757,103.28299622896678,111.62507976498672,2.2256851341567274,20.245494701113365,28.719929762949956,0.0,0.0,,2.1836601342771385,45.687812772180614,75.94171122994652
KidneyAbnormalities,fold_2,multi_119.nii.gz,1.0,86.5737776526225,170.63407598931613,2.37523127985729,15.15167554388855,56.8464479133482,0.0,0.0,,148.06943446460136,19.773632767678343,128.65357603554537
KidneyAbnormalities,fold_2,stone_000.nii.gz,1.2432964715317099,81.02768846443097,28.1511028153431,0.0,0.0,,0.7265625,10.74537095546156,441.7178612059158,0.0,0.0,
KidneyAbnormalities,fold_2,stone_003.nii.gz,1.2374368670764582,87.05994395341226,23.687770935994703,0.0,0.0,,1.5258194519667128,8.02733358132791,315.41342756183747,0.0,0.0,
KidneyAbnormalities,fold_2,stone_004.nii.gz,1.5224668883182289,75.28898513175967,26.727536256380784,0.0,0.0,,1.25,5.79657886131146,212.74074074074073,0.0,0.0,
KidneyAbnormalities,fold_2,stone_009.nii.gz,1.1435242477001197,94.39339981769517,19.97293029802283,0.0,0.0,,1.5,8.50974275245433,347.51063829787233,0.0,0.0,
KidneyAbnormalities,fold_2,stone_011.nii.gz,1.0244872427258258,73.65530735700061,24.868506384094058,0.0,0.0,,31.430931557235372,6.7219357433317635,208.98275862068965,0.0,0.0,
KidneyAbnormalities,fold_2,stone_016.nii.gz,0.697265625,78.23844927270214,25.166973000011634,0.0,0.0,,1.5,10.624229237203107,595.5191637630662,0.0,0.0,
KidneyAbnormalities,fold_2,stone_018.nii.gz,1.25,77.42010939383815,94.5914740588762,,6.808479809648932,26.025,3.7204306533004328,9.426697062990819,334.8100470957614,0.0,0.0,
KidneyAbnormalities,fold_2,stone_026.nii.gz,1.0496123026733577,80.31820952023085,112.0047359684878,,13.016396243780157,34.655933214072746,,0.0,,0.0,0.0,
KidneyAbnormalities,fold_2,stone_027.nii.gz,7.485753424968784,76.04170385630907,22.972899192410257,,55.14858248574248,4.818118566947917,191.17358034621063,2.2316452051472164,623.6666666666666,,3.157846680903162,31.823529411764707
KidneyAbnormalities,fold_2,stone_028.nii.gz,1.25,80.66330109735635,20.68314128684639,,14.741061945318307,-1.7803979366249079,1.3984374999999993,2.9611907473621306,142.63636363636363,0.0,0.0,
KidneyAbnormalities,fold_2,stone_034.nii.gz,1.0993300738759606,77.46999922017899,27.30638345402759,,17.45884207322838,7.469232854432096,0.77734375,3.7308980782938175,102.02777777777777,0.0,0.0,
KidneyAbnormalities,fold_2,stone_036.nii.gz,1.2499998807907104,83.25890963742292,26.72748519428734,0.0,0.0,,13.79394615908346,6.28680901293672,75.44642857142857,0.0,0.0,
KidneyAbnormalities,fold_2,stone_044.nii.gz,1.25,83.11504076197474,28.36723803067226,,6.751262988489797,12.760683760683762,14.445796239726613,6.98360490555949,185.74903474903476,0.0,0.0,
KidneyAbnormalities,fold_2,stone_050.nii.gz,1.0882811932451326,85.57584161758393,133.86607698762893,0.0,0.0,,,0.0,,0.0,0.0,
KidneyAbnormalities,fold_2,stone_058.nii.gz,0.818359375,87.60927078857542,21.811699026586968,0.0,0.0,,0.818359375,4.307809665282298,103.58,0.0,0.0,
KidneyAbnormalities,fold_2,stone_067.nii.gz,1.0496123026733577,75.60477921026727,25.012786377426355,,9.147183712368964,11.630584192439862,140.52424498443858,6.779992113244564,380.0548523206751,0.0,0.0,
KidneyAbnormalities,fold_2,tumor_005.nii.gz,1.1794320139322492,86.98506862072863,127.86984062591138,,4.497825397646527,74.25547445255475,0.0,0.0,,4.169921875,22.3428463730385,158.0514500089323
KidneyAbnormalities,fold_2,tumor_006.nii.gz,1.1435242477001197,95.34003996379165,155.46991024586208,,4.215713897129103,132.2,0.0,0.0,,3.8580324872726983,19.55782184936204,102.35269571023201
KidneyAbnormalities,fold_2,tumor_021.nii.gz,0.8707542955466201,84.92819532469811,85.14880410067896,0.0,0.0,,0.0,0.0,,1.6607868747111685,21.49002069783389,64.34078239608802
KidneyAbnormalities,fold_2,tumor_033.nii.gz,1.0264912248135103,79.12139180989156,98.66390298019505,,8.842882900850615,12.638179800221975,0.0,0.0,,2.5356407231611353,25.30196525290859,66.55690325026059
KidneyAbnormalities,fold_3,cyst_000.nii.gz,1.7656259536743164,86.21166373402849,99.3759614854133,10.593755722045898,46.24001901431385,12.821013210884866,0.0,0.0,,,31.486882671744194,12.25843366313029
KidneyAbnormalities,fold_3,cyst_003.nii.gz,1.25,92.04452172768481,103.63386579105583,46.6617451726861,16.791602777043895,19.428702010968923,0.0,0.0,,0.0,0.0,
KidneyAbnormalities,fold_3,cyst_006.nii.gz,1.25,79.36933265392865,117.34135179350142,1.25,15.101667575258096,23.374952271859488,,3.2867574907589017,272.48148148148147,0.0,0.0,
KidneyAbnormalities,fold_3,cyst_007.nii.gz,1.25,83.46266464959159,100.16657087426015,1.5117180347442627,19.591167906454004,12.504806820243061,0.0,0.0,,0.0,0.0,
KidneyAbnormalities,fold_3,cyst_008.nii.gz,1.25,78.19625739344359,123.08686545631524,104.13853765234138,6.464156395721937,29.384615384615383,0.0,0.0,,0.0,0.0,
KidneyAbnormalities,fold_3,cyst_021.nii.gz,1.25,80.58511283656554,120.21004304593325,45.66595976670676,6.789514586591714,32.247899159663866,0.0,0.0,,0.0,0.0,
KidneyAbnormalities,fold_3,cyst_032.nii.gz,1.4921875,89.76534796297142,24.16888883989513,50.603119032549195,9.226320959136263,5.483925549915398,0.0,0.0,,0.0,0.0,
KidneyAbnormalities,fold_3,cyst_037.nii.gz,1.40625,74.98136089446606,24.286726188976335,0.9943689110435825,10.514877890793045,3.7918781725888326,0.0,0.0,,0.0,0.0,
KidneyAbnormalities,fold_3,cyst_045.nii.gz,1.25,85.8565012555116,29.889531542554177,2.0906327260129602,42.81483286912374,7.43445021034873,0.0,0.0,,0.0,0.0,
KidneyAbnormalities,fold_3,cyst_046.nii.gz,1.0496123026733577,70.72237506017868,109.93229040808663,23.399886824005925,8.724559980305761,21.11881188118812,0.0,0.0,,0.0,0.0,
KidneyAbnormalities,fold_3,multi_008.nii.gz,0.9750337914081187,93.03667112467112,134.74831676638775,2.59332709992277,11.822083834915771,61.4010989010989,0.0,0.0,,2.5,16.339347254367226,99.41883454734652
KidneyAbnormalities,fold_3,multi_010.nii.gz,1.8648457546726762,82.24765297170639,113.6066468502668,2.637290157991988,29.53795608548667,19.205504870882944,0.0,0.0,,3.0069734269982877,41.33958074853547,97.86676444043322
KidneyAbnormalities,fold_3,multi_013.nii.gz,1.5722352966795397,86.92133756706207,84.93979368103231,2.85659872050661,44.81455707055913,22.521414371364276,0.0,0.0,,2.5,33.158605025361204,53.975059566974
KidneyAbnormalities,fold_3,multi_015.nii.gz,0.779296875,81.9983451669301,177.40257371503586,25.44712757977456,7.676394484296694,80.73076923076923,0.0,0.0,,3.0,22.355768434879547,153.39022111491747
KidneyAbnormalities,fold_3,multi_019.nii.gz,1.7668042591184407,88.48244349763505,75.0040261537796,46.74688358432425,22.724907387467866,18.9068085106383,0.0,0.0,,4.131241209450746,47.661304749956024,48.772301660516604
KidneyAbnormalities,fold_3,multi_052.nii.gz,1.658280189978932,84.0889468996008,92.63949998795732,3.0,28.13894912914016,20.399922869263403,0.0,0.0,,3.082189674318659,34.70217339543604,78.84239745039581
KidneyAbnormalities,fold_3,multi_061.nii.gz,40.292883923249704,85.01247234807764,115.91169918361699,,0.0,,0.0,0.0,,9.082057711654999,116.5729754904064,6.016185554285469
KidneyAbnormalities,fold_3,multi_064.nii.gz,1.1656213346121995,95.76323571475308,109.23356958977068,1.5,38.12341099781566,7.872067156839789,0.0,0.0,,1.295892182186297,42.74517196497971,61.670581590444705
KidneyAbnormalities,fold_3,multi_066.nii.gz,1.2153397801643786,95.95753703869443,113.47820256789697,3.0,11.34407405181063,31.547826086956523,0.0,0.0,,2.717582364207201,32.00008529450936,84.53279958677686
KidneyAbnormalities,fold_3,multi_071.nii.gz,0.685546875,87.99326933948123,136.25990640982064,,0.0,,0.0,0.0,,4.9979129250075,6.843022504610941,86.67226890756302
KidneyAbnormalities,fold_3,multi_073.nii.gz,2.7310304561943295,81.39429038183424,140.67984291232838,56.33859706635656,7.696175937953048,73.5379746835443,0.0,0.0,,4.621319282224785,52.46700091889838,62.37796644027167
KidneyAbnormalities,fold_3,multi_075.nii.gz,33.73963815968752,86.58050063884343,150.8102047888677,29.468572009348062,12.41013400643579,60.37525252525253,0.0,0.0,,3.945962198980275,70.68086403704129,100.93111498696001
KidneyAbnormalities,fold_3,multi_086.nii.gz,0.9740592917816913,87.72486815117871,137.7551354460934,160.06729987259376,7.304277793088537,49.78767123287671,0.0,0.0,,1.9481185835633825,27.47649174137609,85.77896802419096
KidneyAbnormalities,fold_3,multi_087.nii.gz,0.9030135670062026,79.68320547273149,106.7706018140546,49.83245443699003,12.92404821733192,19.33016508254127,0.0,0.0,,175.54352109425128,10.75192136465643,33.06081668114683
KidneyAbnormalities,fold_3,multi_099.nii.gz,2.5,89.93193814730894,109.05400949596114,30.649695895503307,11.298372578543619,34.65139116202946,0.0,0.0,,33.653528781430474,14.242819197130128,69.14297385620915
KidneyAbnormalities,fold_3,multi_103.nii.gz,311.859382789343,96.97467339770036,114.63768054210551,3.458917652694987,18.106742412154645,49.45785219399538,0.0,0.0,,406.4630866033068,62.21460798457085,85.3881429750733
KidneyAbnormalities,fold_3,multi_104.nii.gz,1.66796875,90.26792353687537,98.69291020044753,178.39686995741212,35.569546094388464,33.64212763445304,0.0,0.0,,160.94380412644188,23.60312519761849,31.96040004040812
KidneyAbnormalities,fold_3,multi_108.nii.gz,111.52757032789582,77.26409484145437,132.5642268895278,45.76406151825892,34.33068373027562,13.40199981483196,0.0,0.0,,2.6961304239029893,23.966994637474393,65.76934240362812
KidneyAbnormalities,fold_3,stone_001.nii.gz,1.5269402654869515,95.99409328946281,25.139465715240462,0.0,0.0,,110.16337169558453,16.759485593804143,508.2063182527301,0.0,0.0,
KidneyAbnormalities,fold_3,stone_002.nii.gz,1.3671875,81.96155814760138,28.81937541941821,0.0,0.0,,1.5,4.8458419255446,190.45882352941177,0.0,0.0,
KidneyAbnormalities,fold_3,stone_007.nii.gz,1.1241894652394442,86.18776231930592,28.457081863614835,0.0,0.0,,1.25,5.561028100182679,199.2280701754386,0.0,0.0,
KidneyAbnormalities,fold_3,stone_015.nii.gz,4.612376142756888,89.64817660992532,33.88755991773233,0.0,0.0,,11.642099310596842,22.441372519352644,633.9538725878932,0.0,0.0,
KidneyAbnormalities,fold_3,stone_020.nii.gz,1.4537341548445624,83.96180751651995,122.41267993343656,0.0,0.0,,,0.0,,0.0,0.0,
KidneyAbnormalities,fold_3,stone_022.nii.gz,1.4258435287460365,84.95701759747732,30.867663409604326,0.0,0.0,,0.8783592047551645,8.554818600215608,272.2141680395387,0.0,0.0,
KidneyAbnormalities,fold_3,stone_024.nii.gz,1.6322334348748246,82.5621130692699,102.63762501168334,,21.13494187548482,18.37651483493523,,0.0,,0.0,0.0,
KidneyAbnormalities,fold_3,stone_029.nii.gz,0.9238280057907104,78.11313070278285,30.042868257483136,,9.65692004888291,11.51131221719457,3.5577319173431454,4.2621207047003065,156.39473684210526,0.0,0.0,
KidneyAbnormalities,fold_3,stone_030.nii.gz,1.1379999759721,72.90653901731031,24.141103682665307,0.0,0.0,,1.25,3.7458318032108937,114.70588235294117,0.0,0.0,
KidneyAbnormalities,fold_3,stone_032.nii.gz,36.86311214301486,65.78701964724142,26.582927647650948,0.0,0.0,,36.73687141142879,11.536139761471704,204.47052401746726,0.0,0.0,
KidneyAbnormalities,fold_3,stone_037.nii.gz,1.2015291008443287,85.26996463813842,19.031694280687418,0.0,0.0,,145.09530690414428,1.5105206724340157,102.5,0.0,0.0,
KidneyAbnormalities,fold_3,stone_042.nii.gz,1.5428068750611517,88.64868085834097,131.38793267721832,,7.701638696401141,62.256410256410255,133.53224548085146,6.04232391276175,277.24778761061947,,22.99345025310404,69.75349285370162
KidneyAbnormalities,fold_3,stone_046.nii.gz,1.25,81.34527872941526,68.61025308888003,0.0,0.0,,1.8439113104448677,5.009363677484817,218.14666666666668,0.0,0.0,
KidneyAbnormalities,fold_3,stone_048.nii.gz,1.25,75.6264752905724,109.38368084058447,,14.503597371201339,11.092241379310344,22.816028082566774,3.4042399048244665,997.9,0.0,0.0,
KidneyAbnormalities,fold_3,stone_060.nii.gz,1.12971356838007,76.33151745428465,24.44771528396246,0.0,0.0,,1.25,3.9676557183696386,172.41463414634146,0.0,0.0,
KidneyAbnormalities,fold_3,stone_064.nii.gz,1.0496123026733577,70.96448443787372,28.00217840071534,0.0,0.0,,1.25,6.128098767025303,186.26857142857142,0.0,0.0,
KidneyAbnormalities,fold_3,stone_066.nii.gz,1.1379999759721,82.84657486166697,24.012111276944534,0.0,0.0,,31.215901491123585,5.540124553208675,159.84545454545454,0.0,0.0,
KidneyAbnormalities,fold_3,stone_071.nii.gz,1.2685220682767924,73.72753951307612,24.32257197417274,0.0,0.0,,21.432077895401505,7.464669934781047,175.32194244604315,0.0,0.0,
KidneyAbnormalities,fold_3,tumor_003.nii.gz,25.630720588594947,72.04856906862604,99.36194028942171,0.0,0.0,,0.0,0.0,,5.078930224620388,49.00993649313193,106.17908173132712
KidneyAbnormalities,fold_3,tumor_008.nii.gz,1.2181019160283886,92.07820464188833,99.801399337538,0.0,0.0,,0.0,0.0,,2.583984375,20.148104378809574,118.65318319618882
KidneyAbnormalities,fold_3,tumor_015.nii.gz,1.0,94.48005909727357,107.87331317104808,0.0,0.0,,0.0,0.0,,4.734375,31.855115383566776,67.05896851088876
KidneyAbnormalities,fold_3,tumor_016.nii.gz,1.1576348337032387,84.92865512912624,131.76499632091168,0.0,0.0,,0.0,0.0,,2.9954443144753453,26.525464858815514,142.03226706082495
KidneyAbnormalities,fold_3,tumor_017.nii.gz,1.2202077119702048,87.09106501518244,169.3564314449442,,5.528857050104923,11.154696132596685,0.0,0.0,,2.323824809051677,33.065884278874016,153.57358334624723
KidneyAbnormalities,fold_3,tumor_023.nii.gz,1.519094370037005,90.70829658351198,158.31654659407656,0.0,0.0,,0.0,0.0,,2.0661847116594663,40.129180857761234,156.12046144035864
KidneyAbnormalities,fold_3,tumor_024.nii.gz,0.8627773557674077,95.58828863217198,101.70047648004757,0.0,0.0,,0.0,0.0,,2.172998809968611,25.450681723940193,46.77376213522724
KidneyAbnormalities,fold_3,tumor_025.nii.gz,1.303962186112964,84.85270599062737,96.6820964985061,,8.439331658009179,8.109447004608295,0.0,0.0,,1.3134529650528983,50.733927974510586,68.61485433083392
KidneyAbnormalities,fold_3,tumor_028.nii.gz,0.76171875,83.59444750232275,167.66038709383696,0.0,0.0,,0.0,0.0,,2.0,17.005627267420053,177.48963497070753
KidneyAbnormalities,fold_3,tumor_029.nii.gz,2.9437319615291275,88.21267962980292,133.8919792951256,0.0,0.0,,0.0,0.0,,6.109375,43.972338260477706,107.29043033994891
KidneyAbnormalities,fold_3,tumor_031.nii.gz,6.65054865129797,94.88098908439753,78.33142190898808,0.0,0.0,,0.0,0.0,,12.601262201939583,75.04884434163607,49.639816132825466
KidneyAbnormalities,fold_3,tumor_039.nii.gz,1.53515625,78.55364733735763,103.80051743709622,,5.727797767899666,29.53293413173653,0.0,0.0,,7.589002806342029,27.771773531731828,118.09274776076279
KidneyAbnormalities,fold_4,cyst_005.nii.gz,1.4537341548445624,77.89850528897833,121.73840337396858,,0.0,,,7.115901496223702,289.2919708029197,0.0,0.0,
KidneyAbnormalities,fold_4,cyst_012.nii.gz,1.179431508170067,84.9384655340603,98.8623577771094,1.25,6.970848934874596,30.519607843137255,0.0,0.0,,0.0,0.0,
KidneyAbnormalities,fold_4,cyst_022.nii.gz,1.0496123026733577,77.25175823072613,82.65875309131465,1.6322334348748246,11.47501027018271,13.322019147084422,0.0,0.0,,0.0,0.0,
KidneyAbnormalities,fold_4,cyst_023.nii.gz,1.4843759536743164,82.23743947114002,109.13862072063765,33.486899189119676,40.2751674825414,16.688459912639143,0.0,0.0,,0.0,0.0,
KidneyAbnormalities,fold_4,cyst_029.nii.gz,0.9943689110435825,76.99348387920705,20.509842000465465,144.06534064678905,13.054571525875748,2.6482758620689655,0.0,0.0,,0.0,0.0,
KidneyAbnormalities,fold_4,cyst_034.nii.gz,1.12971356838007,84.35296637980778,26.123176340396153,,0.0,,0.0,0.0,,0.0,0.0,
KidneyAbnormalities,fold_4,cyst_036.nii.gz,1.25,91.47200628374382,24.48172354363151,5.048700811378359,45.97437726299004,3.7510671925082346,0.0,0.0,,0.0,0.0,
KidneyAbnormalities,fold_4,cyst_038.nii.gz,1.4547320267923542,86.58121770312546,22.47123006982182,,0.0,,0.0,0.0,,0.0,0.0,
KidneyAbnormalities,fold_4,cyst_041.nii.gz,1.25,72.04462033179763,115.10886628827042,23.18260880766983,25.49122016805463,17.791600508097808,0.0,0.0,,0.0,0.0,
KidneyAbnormalities,fold_4,cyst_043.nii.gz,1.25,78.365043280541,28.813613254578062,157.29168594850105,9.023752734268871,9.239224137931034,,2.9371165951462244,89.25,0.0,0.0,
KidneyAbnormalities,fold_4,multi_009.nii.gz,2.148721572128704,93.94700981740915,98.44982426662554,150.29356822977485,23.509168491397002,3.4811672887682388,0.0,0.0,,4.076912535278688,39.226392781357276,117.76968590211834
KidneyAbnormalities,fold_4,multi_012.nii.gz,2.743088193926023,88.87792042433084,116.4662652556461,3.0025057950935605,9.138838864012376,39.946386946386944,0.0,0.0,,7.192483561626658,49.492005193498365,98.34356746602484
KidneyAbnormalities,fold_4,multi_014.nii.gz,0.984000027179718,101.88113459593208,93.23276676109538,0.984000027179718,10.955202250970553,16.033755274261605,0.0,0.0,,4.92000013589859,20.23287291408233,72.00803750837241
KidneyAbnormalities,fold_4,multi_022.nii.gz,2.5245921797050954,83.45078466636932,134.22881222803463,95.11400246935958,16.12786479655888,17.19912948857454,0.0,0.0,,3.4909572952005674,46.0570998263619,77.73807410176144
KidneyAbnormalities,fold_4,multi_024.nii.gz,2.347002950906219,93.24993141502908,96.67069993616657,2.0,33.2582822095893,22.923816060398078,,6.853567458475773,797.6209150326797,8.761411364703891,55.94712496741823,81.86301649665381
KidneyAbnormalities,fold_4,multi_026.nii.gz,0.8627773557674077,80.28473421775014,109.50858702107686,,0.0,,0.0,0.0,,2.906795983660532,25.440473742781148,165.6592883562233
KidneyAbnormalities,fold_4,multi_027.nii.gz,2.422479763202368,75.43687077523997,224.65858194342636,128.1560115454632,7.277160519207256,48.753914988814316,0.0,0.0,,2.3482248947343183,41.37427516049103,130.00918430694696
KidneyAbnormalities,fold_4,multi_030.nii.gz,1.25,86.81005166918646,202.58562020514998,140.74337187808803,9.990924102530387,105.54792043399638,0.0,0.0,,5.496930225801805,10.719409217551107,188.71449487554904
KidneyAbnormalities,fold_4,multi_031.nii.gz,0.9943689110435825,94.03695593136563,134.09090754255837,1.40625,15.481736419726529,66.4968193384224,0.0,0.0,,1.988737822087165,20.726503782927434,67.46474019088016
KidneyAbnormalities,fold_4,multi_032.nii.gz,0.9765625,97.2721371619145,60.39541911315075,2.9296875,16.743206271532266,34.834691501746214,0.0,0.0,,4.1932170045987665,19.35034656889574,50.028657616892914
KidneyAbnormalities,fold_4,multi_033.nii.gz,0.9765625,98.52468854174536,87.14075872707537,2.1836601342771385,15.381510375392834,21.885885885885887,0.0,0.0,,6.2863008299794245,26.135087063832092,47.42822161003979
KidneyAbnormalities,fold_4,multi_038.nii.gz,0.966747552403483,93.59469998653049,93.43946692094924,0.966747552403483,13.225461853743422,25.83449074074074,0.0,0.0,,3.0,32.42948221495229,94.46145391741247
KidneyAbnormalities,fold_4,multi_041.nii.gz,1.768764708764482,91.5057177701731,109.82282779917962,2.5,13.822542224736452,50.36877828054298,0.0,0.0,,2.9585170062003296,37.46702240937973,90.3657483669412
KidneyAbnormalities,fold_4,multi_055.nii.gz,1.021990269683682,97.36313178299613,127.92753007693081,0.72265625,41.918063762821426,8.496425089372766,0.0,0.0,,2.043980539367364,32.73376487284529,50.26881078314281
KidneyAbnormalities,fold_4,multi_057.nii.gz,2.314669854040339,94.71348484164675,130.04255636245392,191.7792346494834,4.970349310975597,81.5625,0.0,0.0,,3.2734375,43.13499941817239,49.79312488047428
KidneyAbnormalities,fold_4,multi_058.nii.gz,23.683826302509274,89.76246518619305,45.33610289233742,52.02744291656825,13.194547481129867,19.809885931558934,0.0,0.0,,5.0906943300700185,76.15698891535797,37.06049910027486
KidneyAbnormalities,fold_4,multi_068.nii.gz,0.9375,97.03258034938567,183.62956879302837,1.3258252147247767,10.78337836965935,67.97991967871486,0.0,0.0,,3.0,21.30002206420703,145.3293381969776
KidneyAbnormalities,fold_4,multi_069.nii.gz,1.2291504594844282,90.52520023583095,142.24986872658957,3.5744967659975515,34.806883928036676,31.715385404906087,0.0,0.0,,204.14536689772234,51.3703806691711,36.518374253695605
KidneyAbnormalities,fold_4,multi_074.nii.gz,1.5722352966795397,94.85558828720393,67.19900343399298,212.94737617643102,16.488926767968238,24.2910699241786,0.0,0.0,,6.381162768747558,31.79263205988699,40.861667744020686
KidneyAbnormalities,fold_4,multi_079.nii.gz,1.5672196359277626,96.61346294708784,68.96758465775343,19.012939084074272,24.194692050886886,14.679663009404388,0.0,0.0,,2.5578460597945862,34.97946820905569,29.740189642596643
KidneyAbnormalities,fold_4,multi_083.nii.gz,4.402417974072479,80.54226562187597,182.82072744981468,113.15471994488344,28.251150065248364,53.63984758554994,0.0,0.0,,12.442767543079132,47.397041185017954,170.72455154863138
KidneyAbnormalities,fold_4,multi_088.nii.gz,561.1731644332062,103.03923502966273,190.37920945696342,91.67349587635134,62.97755008291214,8.879350235410229,0.0,0.0,,592.5058571492383,46.565099034314734,145.80795709253923
KidneyAbnormalities,fold_4,multi_092.nii.gz,1.4506263169492621,98.83744337042071,120.9652784782501,1.5,42.17540812495544,11.353439628007978,0.0,0.0,,4.00662683865962,40.08502131971047,75.50503106614615
KidneyAbnormalities,fold_4,multi_093.nii.gz,2.608956857402794,81.70910472237364,121.7103239951279,11.872688148728287,14.732098226493187,40.036575228595176,0.0,0.0,,25.739031604943307,18.586960388437717,105.58816225165563
KidneyAbnormalities,fold_4,multi_096.nii.gz,2.695514768084144,82.62008462643647,91.0346105287727,81.65924688541925,30.924701426931758,24.791007030499216,0.0,0.0,,129.4979143673539,28.785303385319608,80.58011915961116
KidneyAbnormalities,fold_4,multi_105.nii.gz,1.7421875,93.50249256993897,178.92754358004316,40.57297933275658,23.03773300642783,26.53253526134882,0.0,0.0,,43.47832932848027,19.230138422061145,79.46077032810271
KidneyAbnormalities,fold_4,multi_116.nii.gz,0.9765625,88.07843245598757,76.77250287883311,1.953125,12.606602226778419,31.763636363636362,0.0,0.0,,2.9296875,21.100573893617177,45.568437378829
KidneyAbnormalities,fold_4,stone_008.nii.gz,1.1849562856602691,80.89921543369614,20.92811920303389,0.0,0.0,,3.7118270680354306,8.39499134703917,207.671388101983,0.0,0.0,
KidneyAbnormalities,fold_4,stone_019.nii.gz,1.25,86.18752945376914,105.62882357252803,0.0,0.0,,,0.0,,0.0,0.0,
KidneyAbnormalities,fold_4,stone_031.nii.gz,1.1159028890600202,72.86843784263428,20.554439774726667,0.0,0.0,,,0.0,,0.0,0.0,
KidneyAbnormalities,fold_4,stone_038.nii.gz,1.6071738588279738,76.70185760942363,162.53379430976523,,8.770374616274703,42.04204753199269,,0.0,,0.0,0.0,
KidneyAbnormalities,fold_4,stone_040.nii.gz,38.72134380171375,91.99912926745239,61.43881592169195,,20.098729953768707,14.588921282798834,97.56016329618481,11.032018650334804,519.4211557296768,0.0,0.0,
KidneyAbnormalities,fold_4,stone_054.nii.gz,1.1159028890600202,74.87424413439517,23.709212851320295,0.0,0.0,,1.1159028890600202,12.559955946273735,598.536384096024,0.0,0.0,
KidneyAbnormalities,fold_4,stone_056.nii.gz,9.815186734087131,78.28212821073902,24.044994021463683,,27.367413758498085,7.193470374848851,1.25,28.42003328315896,844.840763021235,0.0,0.0,
KidneyAbnormalities,fold_4,stone_061.nii.gz,1.8954164634324062,70.82182942539772,33.15748046705234,0.0,0.0,,17.519170172711352,7.418382350258707,235.4033613445378,0.0,0.0,
KidneyAbnormalities,fold_4,stone_065.nii.gz,1.0496123026733577,73.13618978948337,29.207082829097754,,4.515221776900106,4.414285714285715,14.046422652150047,4.798139112982834,149.51190476190476,0.0,0.0,
KidneyAbnormalities,fold_4,tumor_002.nii.gz,1.3159888989754291,90.31328391213535,116.24761024738066,0.0,0.0,,0.0,0.0,,2.158502701210451,26.832441331547432,76.52061930256113
KidneyAbnormalities,fold_4,tumor_004.nii.gz,1.69921875,85.60592646208106,205.54314457558624,0.0,0.0,,0.0,0.0,,127.4084181039266,21.101978868653884,217.4455692488263
KidneyAbnormalities,fold_4,tumor_007.nii.gz,33.74475656805602,89.55559914597451,97.01384058582912,,21.705423893516134,13.785793103448276,0.0,0.0,,11.00037730176788,132.75167114729788,5.107418469545002
KidneyAbnormalities,fold_4,tumor_010.nii.gz,1.0,82.27947598697116,97.75472768144657,0.0,0.0,,0.0,0.0,,2.1443426886592194,42.090496057033036,45.160093767236624
KidneyAbnormalities,fold_4,tumor_012.nii.gz,52.63626942062391,79.21562217016111,115.91337146831572,0.0,0.0,,0.0,0.0,,3.0,126.23133395136674,47.56792605320903
KidneyAbnormalities,fold_4,tumor_018.nii.gz,0.771484375,88.84079633364188,118.13254211295073,0.0,0.0,,0.0,0.0,,1.796090394257957,20.48926881403688,58.413836394872476
KidneyAbnormalities,fold_4,tumor_022.nii.gz,16.278570324406274,90.16074126831002,98.62817080232013,0.0,0.0,,0.0,0.0,,6.98141300622421,99.4338406000881,50.78414622337212
KidneyAbnormalities,fold_4,tumor_026.nii.gz,1.082757258691901,93.67031700138541,117.48054633449979,0.0,0.0,,0.0,0.0,,1.7835100793449417,51.09434561416302,57.96343188065213
KidneyAbnormalities,fold_4,tumor_038.nii.gz,4.576444870885041,82.09223646353094,114.14379388382754,0.0,0.0,,0.0,0.0,,4.502196729444972,66.08005971730914,78.27206195147811
KidneyAbnormalities,fold_4,tumor_040.nii.gz,1.3587701262919771,100.02614006271729,78.44873863267492,,9.724602213316594,17.657293497363796,0.0,0.0,,3.1410677014244124,34.86655313289595,69.89327181559932
KidneyAbnormalities,fold_4,tumor_041.nii.gz,4.56934418160856,89.88425729403468,123.77649565982072,0.0,0.0,,0.0,0.0,,3.115689254603225,55.922105044058505,83.0483949337566
KidneyAbnormalities,fold_4,tumor_042.nii.gz,4.702555574436528,97.00561233329063,137.5789799094611,,7.309443011003547,44.2093023255814,0.0,0.0,,70.02376732395618,69.54432133330192,64.2413843649465
